GENE,Phosphopeptide,LOCUS_TAG,AA_POS,AA
sucD,_AADFIKTNVSK(ac)PVVGYVAGFTAPEGK_,Rv0952,237,K
Rv3528c,_LDKK(ac)HPDHDKPWR_,Rv3528c,177,K
rplM,_GK(ac)HKPTFAPNVDGGDFVIVINADK_,Rv3443c,39,K
gyrB,_LLK(ac)DKDPNLTGDDIR_,Rv0005,339,K
hupB,_VKPTSVPAFRPGAQFK(ac)AVVSGAQR_,Rv2986c,86,K
rpsA,_AWGTIEALK(ac)EKDEAVK_,Rv1630,120,K
Rv2536,_TDTEADQTKPGDEPK(ac)KD_,Rv2536,228,K
fadD2,_ILDQLEK(ac)TEPKPDLSSLK_,Rv0270,327,K
ftsX,_KFPQFK(ac)DVAGK_,Rv3101c,114,K
fadB2,_LIADK(ac)MFEEFKEPHYGPPPLLLR_,Rv0468,250,K
fadA,_EGLAK(ac)LKPAFEGLAALGGFDDVALQK_,Rv0859,220,K
mtrA,_PFKPK(ac)ELVAR_,Rv3246c,110,K
groEL1,_M(ox)VLTTETVVVDKPAK(ac)AEDHDHHHGHAH_,Rv3417c,527,K
Rv1893,_TKEVFTGK(ac)TDDEG_,Rv1893,67,K
metK,_HGGGAFSGKDPSK(ac)VDR_,Rv1392,290,K
mtc28,_EKGVK(ac)LEAQR_,Rv0040c,116,K
Rv0560c,_AAVSK(ac)YWIIDEIKPAR_,Rv0560c,176,K
sahH,_TRFETDK(ac)DKWTK_,Rv3248c,202,K
moxR1,_KPEQLGMNDVK(ac)SWVAFGASPR_,Rv1479,277,K
Rv2226,_TGGADAGWHLK(ac)LPAGPDKR_,Rv2226,79,K
thyX,_ACYQSWSKPNPK(ac)TATNAGYLR_,Rv2754c,53,K
ppk1,_YCHVGTGNYNSK(ac)TAR_,Rv2984,519,K
sdaA,_AK(ac)VWYDR_,Rv0069c,242,K
dop,_LDK(ac)GLYNR_,Rv2112c,402,K
dop,_VAK(ac)LVDSR_,Rv2112c,327,K
gyrB,_LGNTEVK(ac)SFVQK_,Rv0005,381,K
gyrB,_SALTSVVNK(ac)YAK_,Rv0005,330,K
gyrB,_TFHYPGGLVDFVK(ac)HINR_,Rv0005,262,K
trpG,_YHSLTILPK(ac)SLPAVLR_,Rv0013,139,K
rpsF,_VDIWGK(ac)R_,Rv0053,45,K
Rv0148,_DGTFHK(ac)MSFENWDAVLK_,Rv0148,110,K
Rv0148,_LGLVGLINTLALEGAK(ac)YNIHANALAPIAATR_,Rv0148,184,K
Rv0148,_VALFGNDGANFDK(ac)PPSVQDVAAR_,Rv0148,259,K
Rv0281,_AVGGSWADVLDGK(ac)LPDHK_,Rv0281,59,K
Rv0281,_TK(ac)YFDEYFR_,Rv0281,83,K
dcd,_LEGK(ac)SSLGR_,Rv0321,101,K
grpE,_HGDLESGPLK(ac)SVADK_,Rv0351,117,K
grpE,_K(ac)HGDLESGPLK_,Rv0351,107,K
pssA,_WLAQHPEVWDDK(ac)PK_,Rv0436c,253,K
fadB2,_AVSAGK(ac)VTER_,Rv0468,60,K
fadB2,_IVK(ac)SLER_,Rv0468,50,K
Rv0487,_VIQNALEVSQLK(ac)YSQHPR_,Rv0487,22,K
Rv0496,_GGHPTPM(ox)SSTK(ac)ATLR_,Rv0496,33,K
Rv0500A,_VSK(ac)MTVYR_,Rv0500A,38,K
Rv0504c,_TVPEEAQTLIGK(ac)HYR_,Rv0504c,13,K
Rv0569,_VGDWLVIK(ac)GATIDQPDHR_,Rv0569,12,K
Rv0597c,_AIK(ac)AEVDR_,Rv0597c,90,K
Rv0633c,_QK(ac)LELLR_,Rv0633c,210,K
rplA,_GGK(ac)INFR_,Rv0641,160,K
rplA,_TNLYTPLQAAK(ac)LAK_,Rv0641,28,K
rplJ,_EHK(ac)ALVIK_,Rv0651,101,K
rplJ,_EVLLAK(ac)LAGAMK_,Rv0651,135,K
rplJ,_GNLAK(ac)AAGLFNAPASQLAR_,Rv0651,146,K
fusA1,_IATHPFFGK(ac)LTYIR_,Rv0684,329,K
fusA1,_LLEVVAESDEHLLEK(ac)YLGGEELTVDEIK_,Rv0684,233,K
fusA1,_LSLSIQK(ac)LAEEDPTFK_,Rv0684,434,K
fusA1,_LVQNVEYTHK(ac)K_,Rv0684,503,K
fusA1,_QADK(ac)YDVPR_,Rv0684,128,K
rplW,_IAVEK(ac)IFAVK_,Rv0703,48,K
rpsH,_LK(ac)ANIAQILK_,Rv0718,33,K
rpsH,_SLVIQLK(ac)YGPSR_,Rv0718,65,K
rpsH,_VGK(ac)SLVIQLK_,Rv0718,58,K
rpsH,_VYAK(ac)STNLPR_,Rv0718,90,K
rplO,_VLGDGK(ac)LTAK_,Rv0723,116,K
Rv0733,_GTQAVK(ac)LAEK_,Rv0733,19,K
Rv0733,_SVEQAK(ac)ALHEMLER_,Rv0733,94,K
purC,_AGVVQTSFDK(ac)QFVR_,Rv0780,240,K
ercc3,_IAVVK(ac)SILAK_,Rv0861c,401,K
moaE2,_AAFGTCAHLVETIK(ac)AR_,Rv0866,119,K
pknD,_ALLK(ac)QYGPLTPAR_,Rv0931c,105,K
pknD,_VVALK(ac)LISPQYSDNAVFR_,Rv0931c,44,K
glyA1,_AVLQAQGSVLTNK(ac)YAEGLPGR_,Rv1093,51,K
fum,_ALDWHTVVK(ac)SGR_,Rv1098c,182,K
fum,_NILESFK(ac)LLTNVSR_,Rv1098c,374,K
fum,_VPAK(ac)ALWR_,Rv1098c,25,K
dapE,_AK(ac)YGWTDVSR_,Rv1202,302,K
embR,_FVAEK(ac)TAGVHAAAAGR_,Rv1267c,119,K
atpD,_AVFSK(ac)GIFPAVDPLASSSTILDPSVVGDEHYR_,Rv1310,351,K
atpD,_GHVFNALGDCLDEPGYGEK(ac)FEHWSIHR_,Rv1310,125,K
murA,_ITAPDEPK(ac)YDADFAAVR_,Rv1315,81,K
metK,_VLVNPTGK(ac)FVLGGPMGDAGLTGR_,Rv1392,250,K
metK,_WVAK(ac)NVVAAGLAER_,Rv1392,304,K
pgk,_VLEQLTSSTQRPYAVVLGGSK(ac)VSDK_,Rv1437,208,K
tkt,_IVGFDPDK(ac)TFQVR_,Rv1449c,305,K
tkt,_LPDGWDADLPHWEPGSK(ac)ALATR_,Rv1449c,373,K
fabG1,_MTEEK(ac)FEK_,Rv1483,104,K
Rv1488,_AAAYLQAQGQAK(ac)AIEK_,Rv1488,255,K
Rv1488,_K(ac)PVEGSLGTPPR_,Rv1488,367,K
Rv1558,_AVAVWPDYASYQTK(ac)TDR_,Rv1558,131,K
hisA,_GVEGAIVGK(ac)ALYAR_,Rv1603,227,K
bcpB,_DLAK(ac)EFAEVR_,Rv1608c,56,K
bcpB,_GLLGK(ac)LMPVK_,Rv1608c,110,K
bcpB,_QAK(ac)FAEVR_,Rv1608c,78,K
infC,_IDDHDYETK(ac)K_,Rv1641,102,K
infC,_IMDYGK(ac)YK_,Rv1641,64,K
infC,_LRPK(ac)IDDHDYETK_,Rv1641,93,K
vapB12,_NVPDELLHELK(ac)AR_,Rv1721c,19,K
gabD2,_AAQTDWAK(ac)RPVIER_,Rv1731,65,K
gabD2,_HGPEGLLK(ac)YTESQTIATAR_,Rv1731,474,K
gabD2,_NLAAIK(ac)DVAAR_,Rv1731,19,K
garA,_EPVDSAVLANGDEVQIGK(ac)FR_,Rv1827,141,K
garA,_LVFLTGPK(ac)QGEDDGSTGGP_,Rv1827,151,K
gcvB,_FGVPMGFGGPHAGYLAVHAK(ac)HAR_,Rv1832,292,K
gcvB,_VHAHAEAIAGALGDALVHDK(ac)YFDTVLAR_,Rv1832,383,K
glcB,_DELQAQIDK(ac)WHR_,Rv1837c,66,K
glcB,_TTVNLK(ac)ACIK_,Rv1837c,443,K
lldD2,_DLAPLLQFNRPQFDTSK(ac)R_,Rv1872c,28,K
lldD2,_K(ac)WFQLYMWR_,Rv1872c,156,K
lldD2,_SQWPGK(ac)LVVK_,Rv1872c,273,K
Rv1996,_NLEDEQEK(ac)MLAR_,Rv1996,233,K
Rv2074,_ADNSPHVVAVGFTFDPK(ac)THIAR_,Rv2074,47,K
Rv2074,_VITTGGSQK(ac)AVNADR_,Rv2074,61,K
helY,_ALSNQK(ac)HTDLTAR_,Rv2092c,76,K
pafA,_DEPHADAEK(ac)YRR_,Rv2097c,202,K
pafA,_IAQLDLAYHDIK(ac)R_,Rv2097c,361,K
pafA,_TVLCK(ac)DPFR_,Rv2097c,435,K
murE,_GQGFLALVDYAHK(ac)PEALR_,Rv2158c,396,K
RV2178c,_IAGQYAK(ac)PR_,Rv2178c,133,K
acpM,_TVGDVVAYIQK(ac)LEEENPEAAQALR_,Rv2244,79,K
glpD1,_VVAVAK(ac)EFLSR_,Rv2249c,511,K
Rv2297,_IEK(ac)EWMVEASGR_,Rv2297,135,K
Rv2319c,_VFLGSWSGK(ac)IIR_,Rv2319c,278,K
Rv2455c,_GGPSTGLPTK(ac)TEQADLLQALYGR_,Rv2455c,368,K
Rv2455c,_GK(ac)YLVDVQSVTK_,Rv2455c,596,K
Rv2455c,_LAELEQDK(ac)TLVAR_,Rv2455c,636,K
clpP2,_DTDRDK(ac)ILTAEEAK_,Rv2460c,187,K
clpP2,_ILTAEEAK(ac)DYGIIDTVLEYR_,Rv2460c,195,K
clpP2,_ESNPYNK(ac)LFEER_,Rv2460c,35,K
Rv2498c,_AYRPSHEK(ac)LAWAR_,Rv2498c,227,K
Rv2531c,_EK(ac)ILMER_,Rv2531c,720,K
Rv2531c,_LISK(ac)WFR_,Rv2531c,653,K
Rv2531c,_VYATHSTHK(ac)SLSALR_,Rv2531c,570,K
alaS,_IAK(ac)TLWVHR_,Rv2555c,548,K
alaS,_K(ac)HAHADLSAYR_,Rv2555c,445,K
Rv2566,_AEFCIDK(ac)LYSPDSAR_,Rv2566,824,K
Rv2624c,_SK(ac)VDQPASDINWIVVR_,Rv2624c,134,K
Rv2658c,_K(ac)YAPISEMTAAAILDGFGAK_,Rv2658c,63,K
sigA,_AVEK(ac)FDYTK_,Rv2703,334,K
sigA,_FDYTK(ac)GYK_,Rv2703,339,K
sigA,_IPVHMVEVINK(ac)LGR_,Rv2703,378,K
Rv2708c,_VDDGTGSDTPK(ac)YFHYVK_,Rv2708c,25,K
Rv2728c,_SAK(ac)EFYR_,Rv2728c,212,K
Rv2818c,_AAVAK(ac)HLPEDR_,Rv2818c,284,K
Rv2823c,_VIEEK(ac)YR_,Rv2823c,717,K
Rv2828c,_LDFRPK(ac)HR_,Rv2828c,119,K
Rv2842c,_YLLEVSSPGVERPLTSEK(ac)HFR_,Rv2842c,96,K
tsf,_IGEK(ac)LELR_,Rv2889c,131,K
tsf,_LNGFFK(ac)DAVLLEQASVSDNKK_,Rv2889c,232,K
tsf,_TVEQAIAELSAK(ac)IGEK_,Rv2889c,127,K
rplS,_AK(ac)LYYLR_,Rv2904c,95,K
rplS,_LDFVDK(ac)PSLR_,Rv2904c,9,K
rplS,_LQVFK(ac)GVVIR_,Rv2904c,43,K
rpsP,_ITGDWQK(ac)FK_,Rv2909c,82,K
glnB,_GAEYSVDFVPK(ac)VR_,Rv2919c,58,K
Rv2949c,_LTQTNDPLGEVMAASHIETFK(ac)EEAK_,Rv2949c,126,K
ddlA,_LGLPVFVK(ac)PAR_,Rv2981c,194,K
hupB,_AELIDVLTQK(ac)LGSDRR_,Rv2986c,13,K
Rv2991,_SQK(ac)AVNLR_,Rv2991,61,K
serA1,_TPETAGLIDK(ac)EALAK_,Rv2996c,215,K
gatB,_TETK(ac)NVNSLK_,Rv3009c,248,K
ligA,_KTNYVVAGDSPGSK(ac)YDK_,Rv3014c,662,K
fixB,_AAGAAK(ac)IYVAESDLVDK_,Rv3028c,57,K
fixB,_TIVAVNK(ac)DEEAPIFEIADYGVVGDLFK_,Rv3028c,284,K
Rv3071,_GTTSFGPK(ac)HEFR_,Rv3071,54,K
tgs1,_LRPFDLGAPK(ac)WVDDPDFDLGR_,Rv3130c,70,K
ctpC,_KASEWVDK(ac)LR_,Rv3270,513,K
ctpC,_VK(ac)VDWVR_,Rv3270,16,K
accD5,_REESLHPVGEDAVEK(ac)VHAK_,Rv3280,50,K
accD5,_IYALLDEDSFVELDALAK(ac)HR_,Rv3280,80,K
accD5,_TVTGEEVTMEELGGAHTHMAK(ac)SGTAHYAASGEQDAFDYVR_,Rv3280,244,K
lat,_FPK(ac)FDWPR_,Rv3290c,190,K
guaB2,_TEQHPLATK(ac)DSDGR_,Rv3411c,247,K
Rv3438,_AWDK(ac)ATLR_,Rv3438,191,K
rplM,_LQHK(ac)MVYR_,Rv3443c,72,K
rplM,_VAISGDK(ac)LQHK_,Rv3443c,68,K
rplM,_VYAGPEHPHSAQQPVPYELK(ac)QVAQ_,Rv3443c,143,K
rpsD,_FTYGVMEK(ac)QFR_,Rv3458c,65,K
rpsD,_IK(ac)ESEYLLQLQEK_,Rv3458c,42,K
rpsD,_TGEELLK(ac)ILESR_,Rv3458c,87,K
Rv3553,_EAGAVVIPSIGAAK(ac)HAR_,Rv3553,123,K
ispD,_ITTK(ac)LDLLLAQAIVR_,Rv3582c,219,K
mhuD,_INAIEVPAGAGPELEK(ac)R_,Rv3592,21,K
ppa,_FVK(ac)AADWVDR_,Rv3628,136,K
ppa,_HFFVHYK(ac)DLEPGK_,Rv3628,127,K
ppa,_MVDEHGGDDK(ac)VLCVPAGDPR_,Rv3628,91,K
ppa,_NK(ac)YEVDHETGR_,Rv3628,16,K
ppa,_WDHVQDIGDVPAFELDAIK(ac)HFFVHYK_,Rv3628,120,K
Rv3669,_TPVTPK(ac)PVTSDR_,Rv3669,157,K
leuA,_CVEQAAK(ac)YPGTQWR_,Rv3710,205,K
recR,_LPGIGPK(ac)SAQR_,Rv3715c,22,K
Rv3720,_LIFEK(ac)LR_,Rv3720,193,K
Rv3720,_NNLQLHHVLATK(ac)VDPR_,Rv3720,410,K
Rv3720,_NYPFYFGFLK(ac)SK_,Rv3720,289,K
Rv3720,_VDFK(ac)RPSAR_,Rv3720,95,K
Rv3720,_WGQK(ac)AVEDEGLSDLAQVR_,Rv3720,238,K
Rv3767c,_VLEFK(ac)SATLR_,Rv3767c,140,K
Rv3780,_QGALPPGVGK(ac)SGQHGHGTGQYL_,Rv3780,166,K
leuS,_AIAAK(ac)SDLER_,Rv0041,394,K
leuS,_DWAK(ac)LTAGER_,Rv0041,217,K
pks13,_AGEEIPQTK(ac)EEIR_,Rv3800c,1572,K
pks13,_AVVLAHDHDEAIK(ac)GLR_,Rv3800c,687,K
pks13,_DIK(ac)GFDSEFFAVAK_,Rv3800c,184,K
pks13,_GGYLK(ac)DIK_,Rv3800c,181,K
pks13,_LDDEAAAK(ac)IAQR_,Rv3800c,1412,K
pks13,_MGK(ac)SLYLR_,Rv3800c,728,K
pks13,_NWVGK(ac)AVGK_,Rv3800c,33,K
pks13,_YIKPGGEPIHDVEYWK(ac)K_,Rv3800c,960,K
ino1,_VLAK(ac)LFEDR_,Rv0046c,213,K
pks2,_VVLALK(ac)HGVVPR_,Rv3825c,385,K
Rv0088,_LVVGSK(ac)FSTK_,Rv0088,60,K
Rv0088,_VTALK(ac)PNELVEWSHPLGHR_,Rv0088,82,K
Rv0097,_AK(ac)HGSAAGTLTTYR_,Rv0097,263,K
eccE1,_EK(ac)WSMIK_,Rv3882c,251,K
zmp1,_LNK(ac)FTAK_,Rv0198c,392,K
Rv0223c,_AAVIAAAVK(ac)MLAER_,Rv0223c,81,K
eccC3,_DIDK(ac)NTAYR_,Rv0284,645,K
eccC3,_SSAGNMVIHGGPK(ac)SGK_,Rv0284,832,K
Rv0364,_K(ac)HYVTESHAFFEK_,Rv0364,109,K
secE2,_LEVSFK(ac)M(ox)R_,Rv0379,64,K
secE2,_VIEQDMAVDSAGK(ac)ITYR_,Rv0379,52,K
clpB,_ATFK(ac)PEFINR_,Rv0384c,740,K
clpB,_DGDLAK(ac)AAELR_,Rv0384c,498,K
clpB,_EGK(ac)LDPVIGR_,Rv0384c,176,K
clpB,_HIEK(ac)DAALER_,Rv0384c,326,K
clpB,_IDMSEYGEK(ac)HTVAR_,Rv0384c,642,K
clpB,_TELAK(ac)ALADFLFDDER_,Rv0384c,618,K
clpB,_TIVALDLGSMVAGSK(ac)YR_,Rv0384c,250,K
hbhA,_EK(ac)FTAEELR_,Rv0475,74,K
lpqO,_LNDGSVYK(ac)IGFAR_,Rv0604,70,K
rpmG2,_ITLACEVCK(ac)HR_,Rv0634B,19,K
mmaA2,_NQAAHVQK(ac)SFDEMDTPR_,Rv0644c,105,K
pcaA,_YLTGCAK(ac)LFR_,Rv0470c,271,K
pcaA,_YMK(ac)YLTGCAK_,Rv0470c,264,K
rpoC,_ADKVEK(ac)QFQR_,Rv0668,758,K
rpoC,_AQGVSIHDK(ac)HIEVIVR_,Rv0668,1152,K
rpoC,_DGLFCEK(ac)IFGPTR_,Rv0668,50,K
rpoC,_DWECYCGK(ac)YK_,Rv0668,64,K
rpoC,_FK(ac)GIICER_,Rv0668,71,K
rpoC,_LEADLAELEAEGAK(ac)ADAR_,Rv0668,190,K
rpoC,_LEDIWSTFTK(ac)LAPK_,Rv0668,228,K
rpoC,_LGYLLDLAPK(ac)DLEK_,Rv0668,123,K
rpoC,_LMALELFK(ac)PFVMK_,Rv0668,453,K
rpoC,_LVDLNHAQNIK(ac)SAK_,Rv0668,470,K
rpoC,_M(ox)GHIELAAPVTHIWYFK(ac)GVPSR_,Rv0668,108,K
rpoC,_NEALVEIWK(ac)EATDEVGQALR_,Rv0668,779,K
rpoC,_TLKPEK(ac)DGLFCEK_,Rv0668,43,K
rpoC,_VMFNELLPLGYPFVNK(ac)QMHK_,Rv0668,686,K
fadE8,_IGLAAAK(ac)YWVCK_,Rv0672,379,K
rplE,_ALGFPFK(ac)EN_,Rv0716,185,K
rplE,_SIAQFK(ac)LR_,Rv0716,85,K
rpsE,_ERDGEK(ac)SNYLER_,Rv0721,39,K
Rv0791c,_IAAK(ac)HAQGLNVR_,Rv0791c,225,K
Rv0801,_VHLDFTTK(ac)DLDAEVLR_,Rv0801,71,K
cysA2,_AANEDGTFK(ac)SDEELAK_,Rv0815c,209,K
cysA2,_SDEELAK(ac)LYADAGLDNSK_,Rv0815c,216,K
cysA2,_DFVDAQQFSK(ac)LLSER_,Rv0815c,67,K
cysA2,_VK(ac)LLDGGR_,Rv0815c,107,K
fadA,_AAEAWSGGYFAK(ac)SVVPVR_,Rv0859,189,K
fadA,_LKPAFEGLAALGGFDDVALQK(ac)YHWVEK_,Rv0859,241,K
fadA,_FQK(ac)DLNIPDEK_,Rv0859,339,K
serC,_QAPVK(ac)NLVGR_,Rv0884c,55,K
serC,_SLHLTYGEFSAK(ac)FASAVSK_,Rv0884c,111,K
Rv0953c,_LAAK(ac)LACCV_,Rv0953c,277,K
Rv1106c,_FNDLYTETK(ac)VVAER_,Rv1106c,162,K
Rv1106c,_GHVK(ac)VLVGR_,Rv1106c,210,K
mdh,_AISQLAAK(ac)TGAAVTDIK_,Rv1240,171,K
mdh,_TGAAVTDIK(ac)K_,Rv1240,180,K
mdh,_IDK(ac)STAELADER_,Rv1240,311,K
Rv1265,_LVGEHTEEWLAK(ac)LR_,Rv1265,206,K
oppA,_SGAFREK(ac)DGR_,Rv1280c,429,K
thrA,_ESK(ac)YAQLPVAPMGFIETR_,Rv1294,339,K
atpA,_DSQK(ac)LTEEAADKLTEVIK_,Rv1308,491,K
atpA,_LTEVIK(ac)NFK_,Rv1308,505,K
atpA,_QNWESGDPK(ac)K_,Rv1308,199,K
atpA,_VGGAAQIK(ac)AMK_,Rv1308,384,K
rpoZ,_VSSK(ac)YALVIYAAK_,Rv1390,50,K
Rv1425,_AVK(ac)DAFGVK_,Rv1425,253,K
dnaE1,_YAADK(ac)WGHDR_,Rv1547,441,K
nadC,_LGLGDAALIK(ac)DNHVAAAGSVVDALR_,Rv1596,172,K
hisB,_DPHHITEAQYK(ac)AVAR_,Rv1601,184,K
trpC,_AGAK(ac)VIGVNAR_,Rv1611,184,K
Rv1626,_HGMTEPDAFK(ac)WIQR_,Rv1626,175,K
coaE,_YDHTDSAALWHK(ac)R_,Rv1631,319,K
argB,_AQVLAEALPWLK(ac)QLHGK_,Rv1654,24,K
argB,_LGIEGDFK(ac)GGFR_,Rv1654,87,K
argB,_VVVVK(ac)YGGNAMTDDTLR_,Rv1654,34,K
Rv1747,_VLEELEMSK(ac)HIDTR_,Rv1747,445,K
Rv1830,_LYSFK(ac)DILVLK_,Rv1830,94,K
Rv1897c,_LAEK(ac)LWNLR_,Rv1897c,51,K
tpx,_DLPFAQK(ac)R_,Rv1932,90,K
Rv2004c,_LALVGGNPGTGK(ac)STLAR_,Rv2004c,335,K
pks12,_GK(ac)WDTLR_,Rv2048c,1528,K
pks12,_SK(ac)VDAAWHLHELTR_,Rv2048c,1791,K
Rv2067c,_RDGVVAAMLYGK(ac)YGR_,Rv2067c,162,K
Rv2166c,_DALAGGLMVTK(ac)SQDHSLAVYPR_,Rv2166c,34,K
Rv2166c,_LTLPAK(ac)FR_,Rv2166c,21,K
RV2195,_ILCPCHQSQFDALHFAK(ac)PIFGPAAR_,Rv2195,360,K
RV2200c,_DK(ac)YGEELVGPVR_,Rv2200c,198,K
RV2210c,_EPGFGK(ac)YHTDHMVSIDYAEGR_,Rv2210c,33,K
RV2215,_AK(ac)AAFAER_,Rv2215,361,K
RV2215,_FLTTIK(ac)HR_,Rv2215,539,K
RV2280,_AVK(ac)YGVAR_,Rv2280,154,K
RV2376c,_IADHK(ac)LK_,Rv2376c,98,K
RV2429,_DIK(ac)LNLSSITR_,Rv2429,18,K
RV2477c,_AHGDK(ac)VILDDVTLSFYPGAK_,Rv2477c,18,K
RV2477c,_ALIK(ac)DLSFSLPR_,Rv2477c,338,K
RV2477c,_LGNVVVEVDHLDK(ac)GYDGR_,Rv2477c,329,K
RV2477c,_VGETVK(ac)LSYVDQAR_,Rv2477c,385,K
RV2482c,_NIGNDPLYK(ac)YVLK_,Rv2482c,333,K
RV2511,_IYFGQPPK(ac)GLTHR_,Rv2511,153,K
RV2511,_MIDVSSIK(ac)ELCR_,Rv2511,136,K
RV2534c,_NVLSGK(ac)VVDK_,Rv2534c,48,K
RV2534c,_VVDK(ac)TFNAGVK_,Rv2534c,52,K
RV2627c,_DYLGQQPDK(ac)LPIAR_,Rv2627c,50,K
RV2691,_LLNALMQDTETAK(ac)WR_,Rv2691,138,K
RV2711,_HLELTEK(ac)GR_,Rv2711,67,K
RV2740,_VGFEVK(ac)IHR_,Rv2740,76,K
RV2750,_YVTGVTLPVDAGFVNK(ac)R_,Rv2750,271,K
RV2789c,_LAK(ac)MEVAR_,Rv2789c,311,K
RV2845c,_FK(ac)DAELLGMPWIVVVGR_,Rv2845c,531,K
RV2845c,_LGAALEPADYALLDDDDFAK(ac)HPFLVK_,Rv2845c,338,K
RV2845c,_TLRDDPADAEVASHK(ac)LLIR_,Rv2845c,26,K
RV2845c,_TVTAADTLK(ac)NVLIK_,Rv2845c,288,K
RV2845c,_WPSTVAPFDVHLVIANK(ac)DAQAR_,Rv2845c,495,K
RV2922c,_AFIEEAAGVLK(ac)HR_,Rv2922c,169,K
RV2922c,_QLK(ac)PLGR_,Rv2922c,203,K
RV2931,_HWITTK(ac)YPAGSVGSAPR_,Rv2931,978,K
RV2931,_PSK(ac)SILVR_,Rv2931,1458,K
RV2936,_IILIDHGIIIAEGTANELK(ac)HR_,Rv2936,228,K
RV2941,_LVAIIELK(ac)K_,Rv2941,510,K
RV3031,_VWSPK(ac)SGYPGHAAYR_,Rv3031,263,K
RV3035,_LVGLK(ac)YHAEQLVR_,Rv3035,253,K
RV3045,_AEWGQPNYPVVPGHEIAGVVTAVGSEVTK(ac)YR_,Rv3045,78,K
RV3045,_LGAK(ac)SYYATADPDTFR_,Rv3045,220,K
RV3089,_NPTGK(ac)ILK_,Rv3089,487,K
RV3229c,_FTK(ac)TDMIGEPK_,Rv3229c,267,K
RV3229c,_LSLPDK(ac)YLR_,Rv3229c,361,K
RV3283,_SPEEYTGK(ac)R_,Rv3283,186,K
RV3436c,_GTK(ac)YPDEVER_,Rv3436c,437,K
RV3461c,_VNPSVK(ac)PICDK_,Rv3461c,8,K
RV3546,_VLEK(ac)AGMK_,Rv3546,301,K
RV3556c,_GSELIAEK(ac)WNLSR_,Rv3556c,167,K
RV3566c,_VASWYASTHPASK(ac)FVTGLTAAVITDDAR_,Rv3566c,203,K
cysS1,_NVTDIEDK(ac)ILAK_,Rv3580c,78,K
espA,_K(ac)YSEGAAAGTEDAER_,Rv3616c,359,K
cspA,_VEFEIGHSPK(ac)GPQATGVR_,Rv3648c,57,K
acs,_MFMK(ac)WGR_,Rv3667,366,K
acs,_YWHSYWSK(ac)FSDK_,Rv3667,497,K
Rv3718c,_GFFEK(ac)TFAPLGLK_,Rv3718c,121,K
Rv3718c,_TTWTGAGGVK(ac)GFFEK_,Rv3718c,116,K
tcrX,_VLSK(ac)AQILDR_,Rv3765c,182,K
Rv3788,_VESK(ac)GLADAAR_,Rv3788,8,K
fbpD,_WK(ac)WHDPWVHASLLAQNNTR_,Rv3803c,208,K
glfT2,_WTTCK(ac)SVVLR_,Rv3808c,75,K
Rv3818,_FFETTDSVK(ac)HR_,Rv3818,109,K
sodA,_GANDAVAK(ac)LEEAR_,Rv3846,46,K
sodA,_HHATYVK(ac)GANDAVAK_,Rv3846,38,K
sodA,_NVK(ac)VDFAK_,Rv3846,174,K
sodA,_VDFAK(ac)AFWNVVNWADVQSR_,Rv3846,179,K
sodA,_YAAATSQTK(ac)GLIFG_,Rv3846,202,K
espF,_ADDGLAGVIDK(ac)IFG_,Rv3865,100,K
espF,_VQLTHGSFTSK(ac)FNDTLQEFETTR_,Rv3865,50,K
eccCa1,_THGLIHDCPK(ac)LLQLR_,Rv3870,215,K
eccCa1,_VGAAGALSGVAEYEK(ac)YR_,Rv3870,580,K
espL,_IEDGLLK(ac)K_,Rv3880c,66,K
trxC,_ATDLTVAK(ac)LDVDTNPETAR_,Rv3914,62,K
trxC,_GK(ac)AALLR_,Rv3914,101,K
trxC,_NFQVVSIPTLILFK(ac)DGQPVK_,Rv3914,87,K
dnaN,_LLDAEFPK(ac)FR_,Rv0002,260,K
pknA,_RPFAGDGALTVAMK(ac)HIK_,Rv0015c,228,K
fhaA,_LLAPNEYIITLGVHDFEK(ac)LGADPELK_,Rv0020c,73,K
ponA1,_AVAK(ac)YLDGQDPDMR_,Rv0050,441,K
fusA2,_AVVITK(ac)LDHAR_,Rv0120c,149,K
fba,_DMVTGAVALAEFTHVIAAK(ac)YPVNVALHTDHCPK_,Rv0363c,85,K
fba,_TIEALGAGEHGK(ac)YLLAATFGNVHGVYKPGNVK_,Rv0363c,201,K
fba,_YLLAATFGNVHGVYK(ac)PGNVK_,Rv0363c,216,K
fba,_VVQACNDLHCAGK(ac)SLTH_,Rv0363c,340,K
thiC,_WGADTIMDLSTGK(ac)NIHETR_,Rv0423c,181,K
Rv0433,_VHK(ac)ELLR_,Rv0433,55,K
Rv0433,_WAEFEGFVYDQK(ac)K_,Rv0433,215,K
pcaA,_AIEK(ac)YDVNVVGLTLSENQAGHVQK_,Rv0470c,85,K
pcaA,_MLLHTIVRPTFK(ac)EGR_,Rv0470c,175,K
Rv0479c,_DAK(ac)GMQIK_,Rv0479c,190,K
gpm1,_HYGALQGLDK(ac)AETK_,Rv0489,101,K
Rv0566c,_AAVDVFK(ac)EK_,Rv0566c,67,K
Rv0566c,_VDRQEVDNALNQAAK(ac)ELATR_,Rv0566c,26,K
atsB,_EWADK(ac)YR_,Rv3299c,426,K
rpoB,_ESAQTLLENLFFK(ac)EK_,Rv0667,296,K
rpoB,_LHHLVDDK(ac)IHAR_,Rv0667,1034,K
rpoB,_SPGVYFDETIDK(ac)STDK_,Rv0667,187,K
mmpL5,_LTEK(ac)YNQDLTAR_,Rv0676c,513,K
rpsJ,_LIDIIDPTPK(ac)TVDALMR_,Rv0700,82,K
rpsS,_K(ac)HVPVFVTESMVGHK_,Rv0705,56,K
phoP,_PK(ac)ILDHVWR_,Rv0757,197,K
purB,_IEEFNALAGHEHVHK(ac)GMTSR_,Rv0777,96,K
purB,_LMAGHELATEGFAPGQVGSSAMPHK(ac)MNTR_,Rv0777,283,K
Rv0810c,_ELK(ac)YSSPQTDFQR_,Rv0810c,18,K
desA1,_DLELACDK(ac)FEVSK_,Rv0824c,302,K
desA1,_LTDLQLLHELEPVVEK(ac)YLNR_,Rv0824c,20,K
desA1,_SVDPVELEK(ac)LR_,Rv0824c,131,K
fadE10,_ESGWDK(ac)PSFAK_,Rv0873,26,K
fadE10,_ESGWDKPSFAK(ac)ELFLGR_,Rv0873,31,K
fadE10,_NK(ac)FMGLR_,Rv0873,248,K
fadE10,_TEAFLVK(ac)LR_,Rv0873,63,K
gltA2,_EAGVK(ac)LMGFGHR_,Rv0896,303,K
gltA2,_EMHDEGDSK(ac)IGRPR_,Rv0896,409,K
gltA2,_EQADK(ac)ILAK_,Rv0896,328,K
gltA2,_ILAK(ac)LGGDDSLLGIAK_,Rv0896,332,K
gltA2,_HTMLHEDLK(ac)R_,Rv0896,121,K
gltA2,_LLAK(ac)LPTIAAYAYK_,Rv0896,170,K
gltA2,_VYK(ac)NYDPR_,Rv0896,313,K
Rv0910,_IK(ac)WTIVR_,Rv0910,65,K
pstB,_LVEEGPTEQLFSSPK(ac)HAETAR_,Rv0933,254,K
ligD,_K(ac)HGWEGVIAK_,Rv0938,609,K
sucD,_AADFIK(ac)TNVSKPVVGYVAGFTAPEGK_,Rv0952,232,K
purH,_AAFDHEQTCVAIIK(ac)HANPCGIAISSVSVADAHR_,Rv0957,283,K
Rv1003,_LAK(ac)ALDIR_,Rv1003,46,K
pks16,_FTEK(ac)MFHNAR_,Rv1013,7,K
eno,_GVANALLVK(ac)VNQIGTLTETLDAVTLAHHGGYR_,Rv1023,335,K
eno,_VAK(ac)YNQLLR_,Rv1023,398,K
eno,_WGAEVYHALK(ac)SVLK_,Rv1023,189,K
Rv1063c,_LDEFAHWAK(ac)SLTQR_,Rv1063c,74,K
lytB2,_ALQK(ac)HGPPVYVR_,Rv1110,53,K
Rv1159A,_SIK(ac)FPTFMAGIDAVR_,Rv1159A,31,K
udgB,_PVPGWGSK(ac)R_,Rv1259,101,K
Rv1269c,_AAAEATAVK(ac)SCGYSDCK_,Rv1269c,68,K
Rv1269c,_AYQGGVGPTLAAAMK(ac)DALTK_,Rv1269c,107,K
canA,_RIEVNPFVTK(ac)HTSLR_,Rv1284,110,K
rho,_KDELLLSPDEFAIVHK(ac)LR_,Rv1297,557,K
atpH,_ALEDAK(ac)SEAHR_,Rv1307,66,K
atpH,_LAEASQAHTK(ac)ALEDAK_,Rv1307,60,K
mbtN,_FGK(ac)SDYLR_,Rv1346,98,K
pyrR,_IAHQIIEK(ac)TALDDPVGPDAPR_,Rv1379,36,K
carB,_K(ac)HFEPAQPGRPTMSAVDAIR_,Rv1384,1022,K
ribG,_TGLPHVTWK(ac)YATSIDGR_,Rv1409,159,K
Rv1461,_QACK(ac)SLYEK_,Rv1461,427,K
Rv1461,_SGSVLIEEHK(ac)HSAR_,Rv1461,442,K
Rv1546,_GGTK(ac)YGVTLTVRPTK_,Rv1546,88,K
rpsA,_DLQPYIGK(ac)EIEAK_,Rv1630,167,K
rpsA,_HDVDPNEVVSVGDEVEALVLTK(ac)EDK_,Rv1630,93,K
rpsA,_MHTAQMEK(ac)FAAAEAAGR_,Rv1630,434,K
rpsA,_SEFLNNLQK(ac)GTIR_,Rv1630,208,K
rpsA,_TIK(ac)YFNDGDIVEGTIVK_,Rv1630,31,K
rpsA,_VTK(ac)LVPFGAFVR_,Rv1630,303,K
argG,_GFVYVHGLSSK(ac)LAAR_,Rv1658,390,K
argG,_PLIVK(ac)HLVAAAR_,Rv1658,100,K
narG,_STHGVNCTGSCSWK(ac)IYVK_,Rv1161,71,K
cinA,_LTDRPGSSK(ac)YVAGAVVAYSNEAK_,Rv1901,309,K
higA,_K(ac)HCQLSQVEVAK_,Rv1956,47,K
Rv2032,_WIAEDHTVALFLDK(ac)DR_,Rv2032,45,K
tatA,_IFK(ac)SEVR_,Rv2094c,40,K
tatA,_SLGK(ac)SLR_,Rv2094c,34,K
wag31,_AESDK(ac)MLADAR_,Rv2145c,127,K
wag31,_K(ac)HSEIMGTINQQR_,Rv2145c,190,K
wag31,_LK(ac)TYLESQLEELGQR_,Rv2145c,224,K
wag31,_PLTPADVHNVAFSK(ac)PPIGK_,Rv2145c,15,K
Rv2204c,_AK(ac)SLLDQEGR_,Rv2204c,25,K
Rv2228c,_VK(ac)HPDLLK_,Rv2228c,88,K
aceE,_GYALGK(ac)HFEGR_,Rv2241,428,K
aceE,_TFK(ac)EVLR_,Rv2241,537,K
htpG,_PKEEVSEQEYK(ac)EFYK_,Rv2299c,264,K
htpG,_EFYK(ac)HVAHAWDDPLEIIAMK_,Rv2299c,268,K
htpG,_FVK(ac)GVVDAQDMSLNVSR_,Rv2299c,339,K
htpG,_K(ac)YSDFIAWPIR_,Rv2299c,205,K
htpG,_QLLDLMVHSVYSNK(ac)DAFLR_,Rv2299c,29,K
htpG,_SPHLEAFK(ac)AK_,Rv2299c,466,K
ahpC,_AQHNDLK(ac)TLPFPMLSDIK_,Rv2428,104,K
tig,_APAK(ac)LLEAR_,Rv2462c,52,K
gdh,_ASGQK(ac)DLATLSVAAR_,Rv2476c,1599,K
gdh,_AYAK(ac)YLR_,Rv2476c,668,K
gdh,_ELEALPSEK(ac)EIAR_,Rv2476c,1268,K
gdh,_FAAMVK(ac)ALTPR_,Rv2476c,1442,K
gdh,_GDDK(ac)AIVEK_,Rv2476c,1457,K
gdh,_LLPK(ac)VLADVQR_,Rv2476c,180,K
gdh,_LTDDDK(ac)LLVLAQAR_,Rv2476c,275,K
fadE19,_MLAGK(ac)PFK_,Rv2500c,324,K
fadE19,_TVVAPVSAK(ac)HDAEHSFPYEIVAK_,Rv2500c,38,K
Rv2510c,_GLPLLDLK(ac)DLR_,Rv2510c,182,K
fas,_FEGAGHVVATQATWWQGK(ac)SLAAGR_,Rv2524c,2086,K
fas,_GIHDSK(ac)FSRPNDR_,Rv2524c,2779,K
fas,_LGVAADDVAVISK(ac)HDTSTLANDPNETELHER_,Rv2524c,2871,K
nusB,_AALAEAK(ac)PDIAR_,Rv2533c,45,K
relA,_K(ac)YEEIVR_,Rv2583c,252,K
relA,_PK(ac)HYWSIYQK_,Rv2583c,296,K
pdxH,_SVLCK(ac)ILDESGVAFFTSYTSAK_,Rv2607,81,K
Rv2700,_VAQITEGTAFDK(ac)HGR_,Rv2700,13,K
sigB,_AMEK(ac)FDYTK_,Rv2710,129,K
35kd_ag,_LLSQLEQAK(ac)MQEQVSASLR_,Rv2744c,162,K
35kd_ag,_NAM(ox)VLQQK(ac)IAER_,Rv2744c,147,K
35kd_ag,_QLADIEK(ac)LQVNVR_,Rv2744c,71,K
35kd_ag,_YLMALFSSK(ac)IDEHADPK_,Rv2744c,19,K
thyX,_ACYQSWSK(ac)PNPK_,Rv2754c,49,K
thyA,_NYDPHPAIK(ac)APVAV_,Rv2764c,261,K
gpsI,_DGLVHISK(ac)LGK_,Rv2783c,697,K
gpsI,_NPK(ac)EHFDFFPLTVDVEER_,Rv2783c,63,K
gpsI,_VEIADIDK(ac)R_,Rv2783c,726,K
sirR,_LAEQGLVDHEK(ac)YGAVTLTDSGR_,Rv2788,65,K
sirR,_VSTK(ac)MLAER_,Rv2788,35,K
truB,_ILGLLTAAPK(ac)SYAATIR_,Rv2793c,68,K
infB,_EK(ac)DDVTEVR_,Rv2839c,862,K
infB,_GLLK(ac)PIYEENQLGR_,Rv2839c,799,K
frr,_DLDK(ac)TTHQYVTQIDELVK_,Rv2882c,162,K
frr,_TTHQYVTQIDELVK(ac)HK_,Rv2882c,176,K
frr,_LVVIK(ac)PYEANQLR_,Rv2882c,68,K
ftsY,_LHTK(ac)VGLMDELDK_,Rv2921c,320,K
rnc,_SEGDLAK(ac)LR_,Rv2925c,73,K
fadD26,_EVTSAISK(ac)SHSLR_,Rv2930,537,K
ppsE,_K(ac)HNVTMAAVVHDR_,Rv2935,499,K
ppsE,_LDQSPFVVQSK(ac)YGPWECDGVR_,Rv2935,408,K
ppsE,_TILCLK(ac)NK_,Rv2935,379,K
mas,_LTK(ac)AFNDGTR_,Rv2940c,1141,K
mas,_SEGCAMVLLK(ac)R_,Rv2940c,250,K
Rv2951c,_EGNEPYGVEWTK(ac)PVAR_,Rv2951c,142,K
Rv2951c,_GK(ac)WPEIWVAAHGPR_,Rv2951c,187,K
Rv2956,_DLK(ac)HQFVK_,Rv2956,28,K
lipN,_TK(ac)SLPGVADLR_,Rv2970c,3,K
ilvC,_EIQDGSFVHK(ac)LVADVEGGNK_,Rv3001c,287,K
Rv3049c,_GVTDK(ac)YGLR_,Rv3049c,108,K
pgmA,_PSGTEDVYK(ac)IYAESFR_,Rv3068c,519,K
dnaA,_EVFDHVK(ac)ELTTR_,Rv0001,495,K
dnaA,_VTAFASLNK(ac)TPIDK_,Rv0001,387,K
gyrA,_TK(ac)TDLYR_,Rv0006,530,K
ppiA,_IALFGNHAPK(ac)TVANFVGLAQGTK_,Rv0009,37,K
fprA,_SISK(ac)QFEK_,Rv3106,65,K
ssb,_QTGEWK(ac)DGEALFLR_,Rv0054,48,K
nuoB,_VSQK(ac)MAPVLR_,Rv3146,79,K
sahH,_DIIMLEHIK(ac)AMK_,Rv3248c,350,K
sahH,_EQAEYLGVDVEGPYK(ac)PDHYR_,Rv3248c,489,K
sahH,_SKFDNK(ac)YGTR_,Rv3248c,254,K
sahH,_GCAEAMK(ac)GQGAR_,Rv3248c,295,K
sahH,_LPK(ac)HLDEK_,Rv3248c,451,K
mmpL3,_AYAVGASK(ac)DPSVR_,Rv0206c,504,K
pckA,_DVAWPCSETK(ac)YITHFPETR_,Rv0211,202,K
pckA,_LPK(ac)VFFVNWFR_,Rv0211,495,K
Rv0221,_LHK(ac)LEPLGYQLVDVPLK_,Rv0221,53,K
glpD2,_EHAVAVPAAGLVAIAGGK(ac)YTTYR_,Rv3302c,387,K
groES,_VNIK(ac)PLEDK_,Rv3418c,7,K
groES,_RIPLDVAEGDTVIYSK(ac)YGGTEIK_,Rv3418c,73,K
groES,_YGGTEIK(ac)YNGEEYLILSAR_,Rv3418c,80,K
groES,_WDEDGEK(ac)R_,Rv3418c,57,K
aspC,_K(ac)HQLLLLADEIYDK_,Rv0337c,224,K
iniA,_MESK(ac)PLR_,Rv0342,452,K
iniA,_VGVIVELIDHTIAIAK(ac)LNER_,Rv0342,25,K
purA,_ALDPAQVVDALLEQAEGFK(ac)HR_,Rv0357c,198,K
Rv3485c,_LAAAVK(ac)DIEALK_,Rv3485c,49,K
Rv3485c,_WFGAYGVTK(ac)SAVDHMM(ox)K_,Rv3485c,162,K
otsA,_AAAHGATVWVQDYQLQLVPK(ac)MLR_,Rv3490,170,K
otsA,_LDYTK(ac)GIDVR_,Rv3490,309,K
fgd1,_FWAPLSLTAEQK(ac)HSIDDPIEMEK_,Rv0407,259,K
fgd1,_GASIYDVPDGGVPVYIAAGGPAVAK(ac)YAGR_,Rv0407,183,K
thiD,_ALHALGPQWVLVK(ac)GGHLR_,Rv0422c,186,K
Rv3530c,_SYFDHQAGK(ac)YGTTVDQIYQATAANSDLK_,Rv3530c,204,K
cyp125,_LNDVK(ac)EISR_,Rv3545c,64,K
Rv3579c,_TLK(ac)GWADR_,Rv3579c,227,K
ftsH,_LGAVK(ac)YGSEHGDPFLGR_,Rv3610c,526,K
ftsH,_TGGHAVAVPEEDK(ac)GLR_,Rv3610c,465,K
nrdZ,_TAK(ac)ALLGVR_,Rv0570,98,K
espC,_IAAK(ac)IYSEADEAWR_,Rv3615c,85,K
crp,_LEGK(ac)SVLISDSER_,Rv3676,209,K
Rv3680,_TYALLK(ac)R_,Rv3680,243,K
hadC,_FVFHKPVLAGDK(ac)LWAR_,Rv0637,102,K
Rv3699,_AAVSK(ac)YWK_,Rv3699,179,K
Rv3699,_YWK(ac)IDEIR_,Rv3699,182,K
Rv0647c,_TDEVHK(ac)LFVEELGDEPAR_,Rv0647c,106,K
Rv0647c,_YMK(ac)LLAPR_,Rv0647c,413,K
rplL,_DLVDGAPK(ac)PLLEK_,Rv0652,102,K
rplL,_EMTLLELSDFVK(ac)K_,Rv0652,26,K
Rv3712,_FEHFEK(ac)TR_,Rv3712,351,K
Rv3717,_QK(ac)YANALVR_,Rv3717,233,K
tuf,_ALEGDAK(ac)WVASVEELMNAVDESIPDPVR_,Rv0685,185,K
tuf,_ETDK(ac)PFLM(ox)PVEDVFTITGR_,Rv0685,210,K
tuf,_VLHDKFPDLNETK(ac)AFDQIDNAPEER_,Rv0685,47,K
tuf,_GQVVTKPGTTTPHTEFEGQVYILSK(ac)DEGGR_,Rv0685,316,K
tuf,_TK(ac)PHVNIGTIGHVDHGK_,Rv0685,10,K
tuf,_TTLTAAITK(ac)VLHDK_,Rv0685,34,K
tuf,_VLHDK(ac)FPDLNETK_,Rv0685,39,K
tuf,_VSALK(ac)ALEGDAK_,Rv0685,178,K
rplB,_STPEK(ac)SLVR_,Rv0704,31,K
rplN,_FMK(ac)IISLAPEVL_,Rv0714,113,K
rplN,_RGDVVK(ac)AVVVR_,Rv0714,59,K
glpQ1,_IFVETK(ac)HPVR_,Rv3842c,128,K
glpQ1,_YGSLVENK(ac)LLALLHR_,Rv3842c,140,K
espE,_AQVMGDLDK(ac)LTGNMISNQAK_,Rv3864,83,K
espE,_LTGNMISNQAK(ac)YVSDTR_,Rv3864,94,K
fadE9,_LAPHALEWDAAK(ac)HFPVDVLR_,Rv0752c,34,K
adhB,_LLSMYK(ac)AGK_,Rv0761c,332,K
adhB,_NIQGTIFGGGNPHYDIPK(ac)LLSMYK_,Rv0761c,326,K
adhB,_YVFAVEPVEWK(ac)R_,Rv0761c,223,K
Rv0785,_DREVVNK(ac)YSK_,Rv0785,449,K
Rv0785,_SVGK(ac)FEFR_,Rv0785,225,K
Rv0794c,_ALLTHQGK(ac)YQAR_,Rv0794c,341,K
rnpA,_SADFETTVK(ac)HGMR_,Rv3923c,19,K
purM,_AIDLFK(ac)PLASK_,Rv0809,37,K
Rv0818,_EFELLK(ac)YLAQHAGR_,Rv0818,159,K
Rv0818,_GRPLDLTYK(ac)EFELLK_,Rv0818,153,K
Rv0823c,_K(ac)HIAWYLHGFPAGSALR_,Rv0823c,305,K
fadD16,_NK(ac)SALADIGAHHVLIYASTHDSGR_,Rv0852,31,K
echA6,_VLNDDGAIEEAWPAHK(ac)ELFDK_,Rv0905,213,K
echA6,_VVAPDAFFQFPTSK(ac)YGLALDNWSIR_,Rv0905,125,K
sucC,_AGGVK(ac)YAATPQDAYEHAK_,Rv0951,60,K
sucC,_YAATPQDAYEHAK(ac)NILGLDIK_,Rv0951,73,K
sucC,_PVMVK(ac)AQVK_,Rv0951,45,K
sucC,_AK(ac)EHDLNYVK_,Rv0951,238,K
sucC,_ALGMLGDEANK(ac)PLVVR_,Rv0951,342,K
sucC,_ELFAK(ac)HNVPSTPGR_,Rv0951,14,K
sucC,_NILGLDIK(ac)GHIVK_,Rv0951,81,K
sucC,_VPVNAVK(ac)GVDLDFAR_,Rv0951,145,K
sucC,_VTDTAEGAK(ac)AIATEIGRPVMVK_,Rv0951,32,K
metS,_SLSMVAK(ac)NLDGR_,Rv1007c,368,K
metS,_TTDADHHEASK(ac)ELWR_,Rv1007c,104,K
prsA,_IAEK(ac)WADALGGVPLAFIHK_,Rv1017c,187,K
prsA,_LIADLLK(ac)TAGADR_,Rv1017c,125,K
metE,_GTDQIAPLEMTK(ac)WFDTNYHYLVPEIGPSTTFTLHPGK_,Rv1133c,118,K
glgC,_ICVLTQYK(ac)SHSLDR_,Rv1213,63,K
Rv1248c,_DFTEIK(ac)FR_,Rv1248c,1093,K
Rv1248c,_ELEK(ac)HGVQPSESVESDQMIPAGLATAVDK_,Rv1248c,816,K
Rv1248c,_HVKPTVAQQK(ac)YILSK_,Rv1248c,482,K
Rv1248c,_IAELGIGK(ac)LITLTSTYDHR_,Rv1248c,306,K
Rv1248c,_LNAAEAFETFLQTK(ac)YVGQK_,Rv1248c,501,K
Rv1248c,_PLIVFTPK(ac)SMLR_,Rv1248c,1074,K
Rv1248c,_VDGFAGAQYK(ac)K_,Rv1248c,432,K
Rv1248c,_VETK(ac)HVKPTVAQQK_,Rv1248c,472,K
deaD,_QATEEIAEK(ac)LR_,Rv1253,269,K
Rv1278,_TAAVVAAEAK(ac)AR_,Rv1278,308,K
RV1283c,_ALLK(ac)HGLR_,Rv1283c,240,K
RV1306,_AEQQVASTLQTAHEQLK(ac)R_,Rv1306,134,K
RV1311,_NIWSGTAK(ac)FLFTR_,Rv1311,21,K
RV1350,_IWDQK(ac)LAEVPM(ox)GR_,Rv1350,204,K
RV1423,_LVVK(ac)SVSAR_,Rv1423,15,K
RV1438,_AATALK(ac)HGLTPIVCIGEHLDVR_,Rv1438,123,K
RV1438,_IAFSLPDK(ac)YYDR_,Rv1438,34,K
RV1484,_AMPAYNWMTVAK(ac)SALESVNR_,Rv1484,165,K
RV1493,_SAK(ac)SLSLR_,Rv1493,337,K
RV1498c,_GK(ac)YQSLDFR_,Rv1498c,119,K
RV0127,_SFEYAAYGPLVDQATDK(ac)QLAAR_,Rv0127,383,K
RV1629,_FTPEAVVEK(ac)YGLTPR_,Rv1629,182,K
RV1638,_KQEK(ac)HDIEVVVDR_,Rv1638,198,K
RV0233,_ADWEK(ac)LSDDERDYATR_,Rv0233,48,K
RV0242c,_AALEK(ac)DYDLVGNNLGGR_,Rv0242c,66,K
RV0242c,_GQTNYATTK(ac)AGMIGITQALAPGLAAK_,Rv0242c,364,K
RV0350,_AALGGSDISAIK(ac)SAMEK_,Rv0350,564,K
RV0350,_DK(ac)MAMQR_,Rv0350,228,K
RV0350,_EPNK(ac)GVNPDEVVAVGAALQAGVLK_,Rv0350,337,K
RV0350,_FK(ac)GTSGIDLTK_,Rv0350,217,K
RV0350,_GTSGIDLTK(ac)DK_,Rv0350,226,K
RV0350,_IQEGSGLSK(ac)EDIDR_,Rv0350,483,K
RV0350,_K(ac)YTAPEISAR_,Rv0350,85,K
RV0350,_MIK(ac)DAEAHAEEDRK_,Rv0350,491,K
RV0350,_MPAVTDLVK(ac)ELTGGKEPNK_,Rv0350,327,K
RV0350,_NQAETLVYQTEK(ac)FVK_,Rv0350,522,K
RV0350,_NTTIPTK(ac)R_,Rv0350,395,K
RV0350,_VPEDTLNK(ac)VDAAVAEAK_,Rv0350,543,K
RV0350,_VVDWLVDK(ac)FK_,Rv0350,215,K
RV0391,_EYIDGPVQK(ac)LMR_,Rv0391,245,K
RV0410c,_ALLDLGDVAK(ac)ATR_,Rv0410c,520,K
RV0410c,_AVAELLTGDYDSATK(ac)HFTEVLDTFPGELAPK_,Rv0410c,557,K
RV0440,_AGAATEVELK(ac)ER_,Rv0440,388,K
RV0440,_AVEK(ac)VTETLLK_,Rv0440,125,K
RV0440,_VTETLLK(ac)GAK_,Rv0440,132,K
RV0440,_DLLPLLEK(ac)VIGAGK_,Rv0440,237,K
RV0440,_EIELEDPYEK(ac)IGAELVK_,Rv0440,67,K
RV0440,_IGAELVK(ac)EVAK_,Rv0440,74,K
RV0440,_FDK(ac)GYISGYFVTDPERQEAVLEDPYILLVSSK_,Rv0440,195,K
RV0440,_QEAVLEDPYILLVSSK(ac)VSTVK_,Rv0440,224,K
RV0440,_GIEK(ac)AVEK_,Rv0440,121,K
RV0440,_IRGTFK(ac)SVAVK_,Rv0440,270,K
RV0440,_SVAVK(ac)APGFGDR_,Rv0440,275,K
RV0440,_VVVTK(ac)DETTIVEGAGDTDAIAGR_,Rv0440,325,K
RV0440,_K(ac)WGAPTITNDGVSIAK_,Rv0440,42,K
RV0440,_WGAPTITNDGVSIAK(ac)EIELEDPYEK_,Rv0440,57,K
RV0440,_LAK(ac)LAGGVAVIK_,Rv0440,369,K
RV0440,_NLPAGHGLNAQTGVYEDLLAAGVADPVK(ac)VTR_,Rv0440,495,K
RV0440,_NVAAGANPLGLK(ac)R_,Rv0440,116,K
RV0440,_NVVLEK(ac)K_,Rv0440,41,K
RV0440,_VSTVK(ac)DLLPLLEK_,Rv0440,229,K
RV0440,_QEIENSDSDYDREK(ac)LQER_,Rv0440,362,K
RV0440,_QIAFNSGLEPGVVAEK(ac)VR_,Rv0440,465,K
RV0440,_SALQNAASIAGLFLTTEAVVADK(ac)PEK_,Rv0440,521,K
RV0440,_VIGAGKPLLIIAEDVEGEALSTLVVNK(ac)IR_,Rv0440,264,K
RV0440,_VTLGPK(ac)GR_,Rv0440,33,K
fadD31,_NIK(ac)YVGDLVAYR_,Rv1925,45,K
lpdC,_ALPNEDADVSK(ac)EIEK_,Rv0462,216,K
lpdC,_EIEK(ac)QFK_,Rv0462,220,K
lpdC,_LVADAK(ac)HGELLGGHLVGHDVAELLPELTLAQR_,Rv0462,402,K
lpdC,_NAELVHIFTK(ac)DAK_,Rv0462,64,K
lpdC,_NEGYDVVVAK(ac)FPFTANAK_,Rv0462,376,K
lpdC,_VAGVHFLMK(ac)K_,Rv0462,102,K
lpdC,_YWGGVCLNVGCIPSK(ac)ALLR_,Rv0462,50,K
icl1,_K(ac)HLDDATIAK_,Rv0467,322,K
Rv0476,_LLEIQGK(ac)SR_,Rv0476,93,K
Rv0481c,_AFYEADYWK(ac)AR_,Rv0481c,29,K
fabH,_WAAFK(ac)MGDVGR_,Rv0533c,233,K
menB,_FK(ac)QTDADVGSFDGGYGSAYLAR_,Rv0548c,168,K
Rv2026c,_SLVCDK(ac)PAR_,Rv2026c,243,K
vapC26,_IVTK(ac)YQDQR_,Rv0582,87,K
hspX,_AELPGVDPDK(ac)DVDIMVR_,Rv2031c,64,K
hspX,_DGQLTIK(ac)AER_,Rv2031c,78,K
hspX,_GILTVSVAVSEGK(ac)PTEK_,Rv2031c,132,K
hspX,_PTEK(ac)HIQIR_,Rv2031c,136,K
hspX,_LEDEMK(ac)EGR_,Rv2031c,47,K
hspX,_TEQK(ac)DFDGR_,Rv2031c,85,K
hspX,_TVSLPVGADEDDIK(ac)ATYDK_,Rv2031c,114,K
cobK,_IDALVTK(ac)NSGGK_,Rv2070c,192,K
hadA,_FEK(ac)PIVAGDK_,Rv0635,95,K
rplK,_TPPAAK(ac)LLLK_,Rv0640,79,K
mmaA1,_IVSFEAFDAFK(ac)K_,Rv0645c,142,K
mkl,_KAQAAILDDLEGTHK(ac)YAVHEIGQ_,Rv0655,328,K
mkl,_GSIIIDGTDIIECSAK(ac)ELYEIR_,Rv0655,74,K
mkl,_K(ac)HLVMFGPR_,Rv0655,217,K
rpsG,_TGTDPVITLK(ac)R_,Rv0683,63,K
Rv0688,_EFYDEK(ac)DIALR_,Rv0688,82,K
Rv0688,_SEVDDVALK(ac)PR_,Rv0688,74,K
TB18.6,_YYVAVHAVK(ac)VEK_,Rv2140c,140,K
rplD,_IDVK(ac)TPAGK_,Rv0702,14,K
rpsC,_ADIDYGLYEAK(ac)TTFGR_,Rv0707,190,K
rpsC,_ADLEK(ac)LTGK_,Rv0707,92,K
rpsC,_IGVK(ac)VWIYK_,Rv0707,199,K
rpsC,_VWIYK(ac)GDIVGGK_,Rv0707,204,K
rpsC,_WYADK(ac)QYAEYVK_,Rv0707,26,K
pepB,_TMFAVLEDIAK(ac)NG_,Rv2213,513,K
glnA2,_VPMYTPHK(ac)TSSR_,Rv2222c,329,K
phoY2,_MGALALHVAK(ac)IAR_,Rv0821c,102,K
Rv0831c,_ELK(ac)HLLINDLPIER_,Rv0831c,40,K
Rv0831c,_ELQPGK(ac)SLIVR_,Rv0831c,186,K
Rv2298,_IVIAYSPLAQGLLGGK(ac)YGLENRPGGVR_,Rv2298,208,K
fadB,_AGYEVVLK(ac)DVSLEAAAK_,Rv0860,354,K
fadB,_GYSEK(ac)LEAK_,Rv0860,370,K
fadB,_LEAK(ac)ALER_,Rv0860,374,K
fadB,_GVDFVIEAVFENQELK(ac)HK_,Rv0860,419,K
fadB,_K(ac)TFFAGGDVK_,Rv0860,62,K
fadB,_RQEDFIGIHFFSPVDK(ac)MPLVEIIK_,Rv0860,469,K
citA,_SVVK(ac)GILDR_,Rv0889c,236,K
cysK1,_AEELAK(ac)TDQR_,Rv2334,134,K
Rv0925c,_TK(ac)WDAGCRPDFANPDYR_,Rv0925c,230,K
hrcA,_LEDVK(ac)PLSSAER_,Rv2374c,84,K
uvrD1,_VTHDK(ac)YGLGR_,Rv0949,731,K
Rv2402,_QVEEAIK(ac)HWR_,Rv2402,456,K
Rv0954,_PK(ac)FDPYGQYGR_,Rv0954,167,K
fadE12,_K(ac)HEHTSELWAEAGK_,Rv0972c,37,K
ksgA,_LAK(ac)ELDFRPR_,Rv1010,24,K
mfd,_FGVEHK(ac)EHIK_,Rv1020,787,K
Rv2475c,_VTYK(ac)GQLR_,Rv2475c,62,K
scoA,_TVSSYVGENK(ac)EFAR_,Rv2504c,82,K
mrr,_IHEFAGALLGK(ac)QGDR_,Rv2528c,240,K
aspS,_VFAVMGLDK(ac)AEAEEK_,Rv2572c,512,K
Rv1144,_DLASK(ac)LIR_,Rv1144,177,K
snzP,_ATTFFDDPDVLAK(ac)VSR_,Rv2606c,271,K
narG,_FAK(ac)EFAR_,Rv1161,522,K
narG,_TMSK(ac)LTVVER_,Rv1161,882,K
dapD,_RGPVTVYGVDK(ac)FPR_,Rv1201c,147,K
Rv2699c,_RTETDDVSEDSLEELK(ac)AR_,Rv2699c,25,K
Rv2699c,_VVPK(ac)QADEFTCSSCFLVQHR_,Rv2699c,66,K
pknH,_LMTAEFSK(ac)DPVFR_,Rv1266c,53,K
pknH,_LTQLGTAVGTWK(ac)YMAPER_,Rv1266c,180,K
Rv1276c,_HAK(ac)SAYPDGIADHDRPLAPR_,Rv1276c,15,K
Rv1276c,_ISEK(ac)FPTSGIAVLR_,Rv1276c,136,K
cysN,_DYVVK(ac)HTTR_,Rv1286,337,K
cysN,_TATALK(ac)LNELGR_,Rv1286,369,K
atpB,_GIVGHPIK(ac)LLK_,Rv1304,159,K
Rv2777c,_AVAFDTMK(ac)HLR_,Rv2777c,255,K
Rv1314c,_QIQNDLFDAGADLSTPIVENPK(ac)HPPLR_,Rv1314c,86,K
Rv1314c,_SAWAAVDAHPEGVSVLPAK(ac)YLNR_,Rv1314c,160,K
Rv1319c,_LCELAK(ac)SHPAR_,Rv1319c,490,K
fadA4,_ANTTAAALAGLK(ac)PAFR_,Rv1323,233,K
glgP,_IVALGAEDDPAK(ac)FNMAHMGLR_,Rv1328,375,K
Rv1366,_AK(ac)SQDTLLAK_,Rv1366,79,K
dfp,_RK(ac)GCDLLVVNAVGEGR_,Rv1391,358,K
lprG,_GSGNSVQMTLSK(ac)WGEK_,Rv1411c,223,K
Rv1421,_YMTIAIGCTGGK(ac)HR_,Rv1421,269,K
rpsB,_AYEFVK(ac)ETVAHGGSVLFVGTK_,Rv2890c,58,K
rpsB,_WLGGMLTNFSTVHK(ac)R_,Rv2890c,109,K
gap,_GILK(ac)YYDAPIVSSDIVTDPHSSIFDSGLTK_,Rv1436,280,K
gap,_GLMTTIHAYTQDQNLQDGPHK(ac)DLR_,Rv1436,199,K
gap,_IK(ac)ALAVR_,Rv1436,79,K
gap,_LVDLVTLVGK(ac)SL_,Rv1436,337,K
tal,_IVDRPNLFIK(ac)IPATK_,Rv1448c,143,K
tal,_VDTEIDK(ac)R_,Rv1448c,216,K
lppX,_MLDPGAK(ac)SAR_,Rv2945c,190,K
fadD29,_WMQLLAK(ac)HR_,Rv2950c,260,K
Rv2969c,_VPDCINSGK(ac)YIEK_,Rv2969c,197,K
Rv1507c,_ETLIDGTDWAK(ac)AHWR_,Rv1507c,81,K
gpdA2,_VCHK(ac)GLSVDEAITLLLGR_,Rv2982c,315,K
gltS,_DALIEGLALK(ac)PR_,Rv2992c,443,K
gltS,_IPK(ac)FAHLPTVLGEGTK_,Rv2992c,243,K
fixA,_KALSMGADK(ac)AVHLK_,Rv3029c,87,K
fixA,_AVHLK(ac)DDGMHGSDVIQTGWALAR_,Rv3029c,92,K
fixA,_FPSFK(ac)GIMAAK_,Rv3029c,197,K
pykA,_MNFSHGDYDDHK(ac)VAYER_,Rv1617,45,K
TB15.3,_AADILK(ac)DESYK_,Rv1636,54,K
TB15.3,_VTGTAPIYEILHDAK(ac)ER_,Rv1636,74,K
lysX,_SNMK(ac)YQPEWVPR_,Rv1640c,534,K
prfB,_SQLQNK(ac)IAAM(ox)R_,Rv3105c,285,K
prfB,_VLQAK(ac)LLER_,Rv3105c,295,K
prfB,_WAEQHK(ac)YPVEVFDTSYAEEAGIK_,Rv3105c,161,K
argD,_RAEVLGK(ac)SLR_,Rv1655,314,K
pks10,_HLVLPLEK(ac)YPK_,Rv1660,58,K
Rv3131,_FPDPK(ac)DR_,Rv3131,90,K
nuoF,_EGTFWLDK(ac)IYER_,Rv3150,368,K
nuoF,_WTEFYK(ac)HESCGK_,Rv3150,349,K
nuoF,_SFCALGDGAASPVMSSIK(ac)HFR_,Rv3150,414,K
Rv1703c,_EAAAVDYVLAHAGAGNIDDVLATIDK(ac)FAYEK_,Rv1703c,60,K
Rv1703c,_VPGAPK(ac)YR_,Rv1703c,210,K
Rv1711,_LMHPSHEVPK(ac)TYLATVTGSVPR_,Rv1711,147,K
Rv3220c,_ALISK(ac)DATIR_,Rv3220c,294,K
aroA,_ATVTVPGSK(ac)SQTNR_,Rv3227,23,K
katG,_AWYK(ac)LIHR_,Rv1908c,414,K
katG,_VLGANYK(ac)R_,Rv1908c,639,K
katG,_WLEHPEELADEFAK(ac)AWYK_,Rv1908c,410,K
htdY,_FTK(ac)PVFPGETLSTVIWR_,Rv3389c,242,K
htdY,_GEGK(ac)NAIVVLR_,Rv3389c,113,K
htdY,_LSVVTEVADIQDK(ac)GEGK_,Rv3389c,109,K
groEL1,_AEIDK(ac)SDSDWDREK_,Rv3417c,353,K
groEL1,_SDSDWDREK(ac)LGER_,Rv3417c,362,K
groEL1,_EIELEDPFEDLGAQLVK(ac)SVATK_,Rv3417c,74,K
groEL1,_SVATK(ac)TNDVAGDGTTTATILAQALIK_,Rv3417c,79,K
groEL1,_HVVLAK(ac)AFGGPTVTNDGVTVAR_,Rv3417c,41,K
groEL1,_TLK(ac)AVAVK_,Rv3417c,270,K
groEL1,_VGAATETALK(ac)ER_,Rv3417c,388,K
Rv3434c,_IK(ac)SLLHR_,Rv3434c,224,K
rmlB,_YAIDPSTLYDELCWAPK(ac)HTDFEEGLR_,Rv3464,293,K
pfkB,_TEPAAWDEGK(ac)PR_,Rv2029c,11,K
ilvX,_K(ac)YDAPLESDIDAVAGTVSGWVR_,Rv3509c,106,K
Rv3520c,_ALK(ac)PITHPLR_,Rv3520c,157,K
fadE33,_ETVASLVAK(ac)HAGPAAVR_,Rv3564,20,K
fadE33,_PIGSFQALK(ac)HR_,Rv3564,224,K
mpa,_GVLLYGPPGCGK(ac)TLIAK_,Rv2115c,299,K
mpa,_TLVTGK(ac)SSSASR_,Rv2115c,591,K
mshC,_RPGK(ac)SDELDALLWR_,Rv2130c,199,K
lysS,_TVGK(ac)SLSAPTFVK_,Rv3598c,382,K
hpt,_ILK(ac)DLDR_,Rv3624c,121,K
topA,_AASDVPAK(ac)YK_,Rv3646c,62,K
Rv3651,_ALVDLK(ac)TWTLLK_,Rv3651,241,K
Rv3651,_TAIAETLQTGQSLTSITPK(ac)HDR_,Rv3651,63,K
Rv3679,_QGIAQLFDVPPLPYQELK(ac)IATAER_,Rv3679,78,K
Rv3684,_DETTHITGSLK(ac)HR_,Rv3684,67,K
Rv3684,_EEK(ac)HPTPEWIVVGAGTGGTSATIGR_,Rv3684,191,K
asnB,_GDILVK(ac)ADK_,Rv2201,505,K
asnB,_TTTK(ac)YALR_,Rv2201,545,K
asnB,_VSK(ac)PLPEGMR_,Rv2201,421,K
Rv3716c,_DASQQVTK(ac)MAQER_,Rv3716c,87,K
gcvT,_AALLAEK(ac)AAGPR_,Rv2211c,278,K
gcvT,_TAVGLFDVSHLGK(ac)ALVR_,Rv2211c,59,K
dnaZX,_PSAAAAEPK(ac)HQPAREPR_,Rv3721c,404,K
glnA1,_LAKDEK(ac)VEYVDVR_,Rv2220,17,K
glnA1,_TPDDVFK(ac)LAK_,Rv2220,11,K
tgs2,_K(ac)HPATIGGGIAR_,Rv3734c,59,K
tgs2,_MHHALIDGVSAMK(ac)LAQR_,Rv3734c,149,K
dprE2,_REDAAAAMK(ac)QAGAR_,Rv3791,56,K
RV2296,_WDK(ac)PFLAIFGYR_,Rv2296,240,K
RV2301,_VNK(ac)NVGVYAVK_,Rv2301,79,K
RV3801c,_AAGTHK(ac)LDHQPIVDDIR_,Rv3801c,560,K
RV3801c,_VRGDK(ac)LAYR_,Rv3801c,35,K
RV3801c,_TGDYGTYFK(ac)DHLYIAGR_,Rv3801c,474,K
RV3826,_RAECVK(ac)LYR_,Rv3826,564,K
RV3849,_AAYFTDDEYYEK(ac)LDK_,Rv3849,83,K
RV3849,_LDK(ac)ELQWLCTMR_,Rv3849,86,K
RV3849,_AHGLPSAAQQK(ac)VLDR_,Rv3849,116,K
RV3854c,_K(ac)HFGPHYNPWDQR_,Rv3854c,280,K
RV2357c,_ADHLIEAYEAK(ac)HGHPPPNGLADIRDPETGEPGQWTQPR_,Rv2357c,113,K
RV3868,_VAAALK(ac)DPSYR_,Rv3868,246,K
RV3868,_VAQPSK(ac)HMIFTGPPGTGK_,Rv3868,328,K
RV3868,_WTDVIDQVK(ac)SAGK_,Rv3868,157,K
RV2377c,_AACLDYVEK(ac)NWTDLRPK_,Rv2377c,54,K
RV2391,_RPLIDGPAPEPVK(ac)HPIDHVGVQR_,Rv2391,326,K
RV2502c,_DYEAGGIAK(ac)HGAK_,Rv2502c,386,K
RV2521,_EVLTAWGAYGEK(ac)QMYGK_,Rv2521,112,K
RV2540c,_AAEADMIAQIEAAK(ac)K_,Rv2540c,213,K
RV2580c,_VLDDK(ac)RPELR_,Rv2580c,211,K
RV2614c,_GPHIPTTK(ac)HIPAFK_,Rv2614c,217,K
RV2614c,_HIPAFK(ac)LTR_,Rv2614c,223,K
RV2614c,_ISVQVK(ac)DALGR_,Rv2614c,512,K
RV2614c,_K(ac)HTEAGYQFVNSPHITK_,Rv2614c,311,K
RV2618,_K(ac)YGYEPR_,Rv2618,164,K
RV2623,_HLIDDALK(ac)VVEQASLR_,Rv2623,77,K
RV2623,_K(ac)IPLTLVHAVSPEVATWLEVPLPPGVLR_,Rv2623,35,K
RV2775,_TFTWK(ac)PLSGVNVPHVGYR_,Rv2775,164,K
RV2785c,_LIK(ac)YISQIDVER_,Rv2785c,68,K
RV2790c,_K(ac)YGTTAEHFAK_,Rv2790c,167,K
RV2822c,_EK(ac)VQYLR_,Rv2822c,61,K
RV2851c,_VWAK(ac)DLDAR_,Rv2851c,11,K
RV2868c,_RFMEK(ac)YGK_,Rv2868c,158,K
RV2868c,_ISVK(ac)HNDPVVMVAAYELLAAR_,Rv2868c,191,K
RV2958c,_K(ac)HGLSSLGWDLCR_,Rv2958c,203,K
RV2967c,_LVK(ac)LGPEGFAR_,Rv2967c,508,K
RV2967c,_SIASAVPAAEK(ac)ADR_,Rv2967c,1053,K
RV2985,_FAK(ac)HPADTQTVLVVR_,Rv2985,148,K
RV3003c,_PGAVLVDIPK(ac)DVLQGQCTFSWPPR_,Rv3003c,197,K
RV3003c,_PK(ac)HVALQQLTGAQAVIR_,Rv3003c,31,K
RV3051c,_GTHFK(ac)GFER_,Rv3051c,532,K
RV3051c,_NFVK(ac)TLLDR_,Rv3051c,97,K
RV3051c,_SK(ac)YASGEFFDK_,Rv3051c,538,K
RV3075c,_ATK(ac)ILDLAR_,Rv3075c,276,K
RV3148,_LAWPADLQVGPDGLGNSPK(ac)HIAK_,Rv3148,342,K
RV3168,_SIQQK(ac)LVAR_,Rv3168,75,K
RV3240c,_AK(ac)ELFSR_,Rv3240c,298,K
RV3240c,_EHLYEMDYLK(ac)EGIGLR_,Rv3240c,790,K
RV3240c,_IPHNVLNAK(ac)YHEQEATIIAVAGR_,Rv3240c,463,K
RV3240c,_NVLK(ac)YDEVMNQQR_,Rv3240c,643,K
RV3274c,_DDEGFTVGPK(ac)ER_,Rv3274c,207,K
RV3274c,_EIAPHAAEVDEK(ac)AR_,Rv3274c,44,K
RV3274c,_GANGISAFMVHK(ac)DDEGFTVGPK_,Rv3274c,197,K
RV3382c,_AIETVK(ac)R_,Rv3382c,40,K
cmaA1,_AVEK(ac)YDVNVVGLTLSK_,Rv3392c,85,K
cmaA1,_YMK(ac)YLTGCAEMFR_,Rv3392c,264,K
RV3396c,_LLFK(ac)DEVR_,Rv3396c,380,K
RV3396c,_TELK(ac)VLGGK_,Rv3396c,121,K
guaB3,_AGYCDLK(ac)EFQK_,Rv3410c,364,K
guaB3,_SMAK(ac)AGYCDLK_,Rv3410c,357,K
rpsI,_K(ac)AGFLTR_,Rv3442c,121,K
rpoA,_IPVDSIYSPVLK(ac)VTYK_,Rv3457c,173,K
rpoA,_VTYK(ac)VDATR_,Rv3457c,177,K
rpoA,_NFGQK(ac)SIDEVK_,Rv3457c,292,K
rpoA,_TDFDK(ac)LILDVETK_,Rv3457c,191,K
Rv3528c,_ALDK(ac)YPVK_,Rv3528c,53,K
Rv3528c,_ASELGFK(ac)LLYK_,Rv3528c,211,K
Rv3528c,_LLYK(ac)EDCR_,Rv3528c,215,K
Rv3528c,_DLFQK(ac)LDK_,Rv3528c,173,K
Rv3528c,_LLDLGEK(ac)HYFR_,Rv3528c,152,K
kshB,_ELAAK(ac)YPDR_,Rv3571,181,K
clpC1,_EFDEK(ac)IAEAR_,Rv3596c,427,K
clpC1,_ESAIDAQDFEK(ac)AASLR_,Rv3596c,446,K
clpC1,_K(ac)HFRPEFLNR_,Rv3596c,703,K
clpC1,_VLK(ac)EINTR_,Rv3596c,274,K
clpC1,_YIEK(ac)DAALER_,Rv3596c,334,K
Rv3678c,_LGADVNPEEGK(ac)TLAR_,Rv3678c,63,K
moxR2,_DYVTPDDVK(ac)AMAR_,Rv3692,319,K
ask,_VTIVGLPDIPGYAAK(ac)VFR_,Rv3709c,281,K
Rv3719,_VSALDGHK(ac)SLYSDSFYTR_,Rv3719,424,K
Rv3719,_SIQHEAGIK(ac)EDR_,Rv3719,267,K
glf,_DYPTDK(ac)TVIMR_,Rv3809c,309,K
eccCb1,_AVSM(ox)EK(ac)HHLMIGVPR_,Rv3871,280,K
espI,_INLGLSPDEK(ac)YELDLHAR_,Rv3876,265,K
Rv3910,_IDK(ac)PGVAR_,Rv3910,767,K
pepN,_AMIAGIAAPGQGELLK(ac)PFAR_,Rv2467,781,K
pepN,_QGFGFYHK(ac)HFGLPYAFGK_,Rv2467,243,K
cydA,_LTK(ac)FFGK_,Rv1623c,52,K
trxB1,_AFAPTFAESSEK(ac)HPDVVHAK_,Rv1471,46,K
Rv3196A,_AIIETLDK(ac)HRNER_,Rv3196A,24,K
PPE18,_LGGLWK(ac)TVSPHR_,Rv1196,229,K
Rv2141c,_MLK(ac)AVLHDTANPTMLK_,Rv2141c,294,K
lpqI,_DAGVLPVLK(ac)HFPGHGR_,Rv0237,223,K
sigF,_LLAK(ac)SLAR_,Rv3286c,251,K
fadD36,_VAADQAAAGALK(ac)PAR_,Rv1193,243,K
fadD6,_VFLK(ac)FGDQQLTYR_,Rv1206,67,K
tagA,_AFSGFDIDK(ac)IAR_,Rv1210,77,K
eccC2,_YELFK(ac)SVGAR_,Rv3894c,605,K
ftsE,_PALDDINVK(ac)IDK_,Rv3102c,25,K
Rv3224,_DGANIALIAK(ac)TAEPHPK_,Rv3224,37,K
Rv3213c,_ALAK(ac)FSDR_,Rv3213c,115,K
Rv3213c,_ELAQALLK(ac)HWK_,Rv3213c,251,K
Rv3208,_YWLDADK(ac)PISK_,Rv3208,201,K
mku,_VEIK(ac)PAELK_,Rv0937c,188,K
Rv3228,_ITVLLGHSGVGK(ac)STLVNR_,Rv3228,210,K
Rv3241c,_IYVSQK(ac)LAR_,Rv3241c,36,K
rubA,_EK(ac)VDFEK_,Rv3251c,47,K
manA,_GGLTPK(ac)HVDVPELLR_,Rv3255c,289,K
Rv1627c,_SFTEK(ac)HLGSVAGVPSVR_,Rv1627c,231,K
Rv2161c,_IAVTVDK(ac)LAAMR_,Rv2161c,138,K
Rv0537c,_SPNAPPIDK(ac)TVWR_,Rv0537c,289,K
narI,_EVAAK(ac)HELIGSAPR_,Rv1164,233,K
gnd2,_HEK(ac)LLFK_,Rv1122,107,K
Rv1126c,_SVNADFK(ac)R_,Rv1126c,92,K
RV1598c,_ALK(ac)PIAR_,Rv1598c,34,K
RV1598c,_KDGVLAIALAHGK(ac)TDWVK_,Rv1598c,78,K
RV1593c,_QLAEK(ac)VDLR_,Rv1593c,71,K
RV1770,_AAGEPGEHK(ac)AAEWIVER_,Rv1770,35,K
RV1773c,_LGLAK(ac)STTR_,Rv1773c,49,K
RV1439c,_VVK(ac)HPSAWR_,Rv1439c,125,K
RV1427c,_ALAEK(ac)PQATR_,Rv1427c,157,K
RV1427c,_LAAFVVLKPGVSATPETLK(ac)QHVR_,Rv1427c,494,K
RV0119,_LAAFEIPASFQEASGLPHTAK(ac)GSLDR_,Rv0119,509,K
RV0457c,_K(ac)YPPVLMTTSTR_,Rv0457c,603,K
RV0170,_NLNIVLDTTVK(ac)HR_,Rv0170,213,K
RV0172,_VTFHYQNK(ac)YK_,Rv0172,94,K
RV0180c,_ALTVVNGK(ac)VGER_,Rv0180c,168,K
RV0182c,_AYEGFAGK(ac)SSLR_,Rv0182c,104,K
RV0187,_VVTLEYQPK(ac)HAEVAR_,Rv0187,96,K
RV1912c,_AVVITK(ac)HGDPSVLQVR_,Rv1912c,8,K
RV1912c,_HQK(ac)LAEFGVDR_,Rv1912c,179,K
RV1890c,_LTGK(ac)LHIR_,Rv1890c,117,K
RV1887,_TQIAVK(ac)HVCR_,Rv1887,151,K
RV1882c,_IAVYSATK(ac)HAVK_,Rv1882c,154,K
RV3817,_LAK(ac)LAPAR_,Rv3817,144,K
RV3816c,_FMAK(ac)QEVFDHK_,Rv3816c,70,K
RV3816c,_QEVFDHK(ac)ITGPIMR_,Rv3816c,77,K
RV3815c,_FMIK(ac)AEMQR_,Rv3815c,69,K
RV3814c,_FMIK(ac)AEMQDVR_,Rv3814c,69,K
RV1680,_FDTDIGK(ac)HGDTGR_,Rv1680,153,K
RV2129c,_LVLTDLSK(ac)SELAVMGAELGGDDR_,Rv2129c,40,K
RV2129c,_WLK(ac)PLLSTR_,Rv2129c,249,K
RV0338c,_AQLPAK(ac)GTAAK_,Rv0338c,732,K
RV0338c,_VK(ac)YLVLGAGETCNGDSAR_,Rv0338c,508,K
RV0339c,_AAVHAGAK(ac)GLTVR_,Rv0339c,326,K
RV3368c,_RLDFDK(ac)PVPR_,Rv3368c,25,K
RV3369,_YREDAAK(ac)FGLTEAIAAYSTR_,Rv3369,109,K
RV1175c,_YFSTILAK(ac)HGVEVR_,Rv1175c,440,K
RV1239c,_LPGK(ac)YTYAAALR_,Rv1239c,49,K
RV1239c,_MQTESK(ac)DLISK_,Rv1239c,255,K
RV1245c,_AISTPVK(ac)TDR_,Rv1245c,58,K
RV1245c,_VTTVHPGGVK(ac)TAIAR_,Rv1245c,191,K
RV1465,_LEQIYQDVILDHYK(ac)HPQHR_,Rv1465,18,K
RV1475c,_DGK(ac)NVFLR_,Rv1475c,624,K
RV1475c,_GLTSK(ac)PWVK_,Rv1475c,506,K
RV1475c,_HEPEFSEYLELNLSDVVPSIAGPK(ac)RPQDR_,Rv1475c,372,K
RV1475c,_IALAQAK(ac)STFR_,Rv1475c,384,K
RV1475c,_NAVEK(ac)GLTSK_,Rv1475c,501,K
RV1475c,_NYADVFK(ac)GDDR_,Rv1475c,660,K
RV1475c,_TPK(ac)TVCVQATK_,Rv1475c,895,K
RV1475c,_VGEK(ac)SYQIYR_,Rv1475c,20,K
RV3169,_GEK(ac)FVER_,Rv3169,308,K
RV3194c,_VGQIGGITHK(ac)MAAAR_,Rv3194c,283,K
RV3197,_EK(ac)NYDLLLPTMEK_,Rv3197,329,K
RV3200c,_AAAAGLVTVHGDATK(ac)SDVLR_,Rv3200c,202,K
RV3202c,_K(ac)QDPLTPAARDEWR_,Rv3202c,1001,K
RV3311,_EWEK(ac)LER_,Rv3311,408,K
RV3329,_VAK(ac)QYFK_,Rv3329,127,K
RV1058,_AFLADK(ac)VVR_,Rv1058,498,K
RV1074c,_VSELK(ac)PAFR_,Rv1074c,244,K
RV1082,_VECSK(ac)YFSQR_,Rv1082,227,K
Rv1097c,_VIEALK(ac)VNK_,Rv1097c,289,K
Rv1112,_AAGVIHSDFEK(ac)GFIK_,Rv1112,308,K
Rv2022c,_WTQWYDEK(ac)IK_,Rv2022c,173,K
ppm1,_LVLSK(ac)TANTYSR_,Rv2051c,748,K
Rv2172c,_LMVDLYK(ac)R_,Rv2172c,254,K
TB16.3,_LIDGALK(ac)DLK_,Rv2185c,136,K
Rv3916c,_LEAFEQLPK(ac)HAR_,Rv3916c,18,K
Rv0060,_GIALQFK(ac)R_,Rv0060,36,K
icd2,_DWVK(ac)LAVTR_,Rv0066c,474,K
icd2,_HGDFYAGEK(ac)SMTLDR_,Rv0066c,188,K
icd2,_IFYK(ac)DAFAK_,Rv0066c,278,K
icd2,_K(ac)HPHSMGEWSMASR_,Rv0066c,159,K
icd2,_MLSVVPLMAGGGMYETGAGGSAPK(ac)HVK_,Rv0066c,591,K
icd2,_TIVLKPEVPLDDGDVIDSMFMSK(ac)K_,Rv0066c,231,K
icd2,_TYLK(ac)DHDTEGLDIQIMSQVR_,Rv0066c,510,K
Rv0200,_EQYAK(ac)SSADLAR_,Rv0200,154,K
Rv0247c,_K(ac)YDPVVWLGSK_,Rv0247c,234,K
Rv0248c,_DNWK(ac)THFGDTM(ox)R_,Rv0248c,68,K
Rv0248c,_FIVFEAPAVVLATGGIGK(ac)SFK_,Rv0248c,214,K
Rv0248c,_GGK(ac)FLNNWR_,Rv0248c,79,K
Rv0248c,_VAVVCK(ac)SLFGK_,Rv0248c,39,K
Rv0439c,_LGEAGK(ac)STIAVAAHPGGSNTELTR_,Rv0439c,206,K
Rv0439c,_VVQSSAQSHDK(ac)DLQR_,Rv0439c,291,K
Rv0464c,_ISPGK(ac)FR_,Rv0464c,15,K
Rv0466,_GYLK(ac)PGSR_,Rv0466,154,K
Rv0580c,_HNFSDGAAAQVVYDGK(ac)TTAMR_,Rv0580c,93,K
Rv1919c,_FFAGQLVK(ac)AAER_,Rv1919c,145,K
Rv1919c,_HVYK(ac)LVGAR_,Rv1919c,84,K
Rv1978,_FLIIDLK(ac)R_,Rv1978,183,K
Rv1978,_VGTLTNLHEK(ac)YAR_,Rv1978,65,K
Rv1751,_AGVQVTLLEK(ac)HGDFLR_,Rv1751,35,K
Rv1751,_DVSELLPEATASVAALASMDEVK(ac)HLNVK_,Rv1751,267,K
Rv1232c,_RHEVFK(ac)ALHDK_,Rv1232c,206,K
lprC,_VAEGLK(ac)YQVETR_,Rv1275,116,K
Rv2061c,_LFTFVSK(ac)LR_,Rv2061c,113,K
fadA2,_DDNLRPNSSVEK(ac)LATLR_,Rv0243,245,K
fadA2,_ILAQTAK(ac)QLAEK_,Rv0243,405,K
fadA2,_LDMVVGGAVLK(ac)HSR_,Rv0243,69,K
fadA2,_TGLSMGEHAAVTAK(ac)QMGIK_,Rv0243,192,K
Rv1393c,_AYAEHCVDK(ac)YGIR_,Rv1393c,91,K
Rv2413c,_ITK(ac)VSER_,Rv2413c,123,K
Rv2410c,_SVFHSLK(ac)LAEHNLAELMHNPHSR_,Rv2410c,232,K
Rv2409c,_RDAVVGK(ac)TVDGR_,Rv2409c,210,K
Rv2409c,_YVSGYLHPK(ac)R_,Rv2409c,203,K
Rv2406c,_IMSTTVATCTK(ac)SDTVDK_,Rv2406c,84,K
Rv1516c,_HPK(ac)TTVCFHPVR_,Rv1516c,120,K
Rv1516c,_K(ac)LAAATPSR_,Rv1516c,311,K
rne,_IDEQLAK(ac)AMDR_,Rv2444c,621,K
rne,_LTK(ac)YESADGPDGQSAPDVFTVHR_,Rv2444c,594,K
rne,_TASEGVK(ac)EDDIR_,Rv2444c,508,K
Rv1732c,_PVNPDQRPSIGCGIK(ac)WR_,Rv1732c,180,K
lipE,_VCEYLPSYTSHGK(ac)HR_,Rv3775,134,K
rfbE,_GWAK(ac)VTGR_,Rv3781,95,K
echA21,_ELALTGK(ac)NIDAAR_,Rv3774,179,K
echA21,_MQK(ac)AINAVADCR_,Rv3774,101,K
echA21,_YASADAK(ac)FSVR_,Rv3774,142,K
Rv3142c,_VTAWELYGK(ac)YHGYAACLAPGK_,Rv3142c,115,K
fadE23,_LQAIIVK(ac)THQGAAEMMR_,Rv3140,17,K
fadE23,_LEHK(ac)LGIK_,Rv3140,209,K
fadE23,_SVLTGAGVEISYDK(ac)PSHTQSAAAAEFLR_,Rv3140,288,K
fadE24,_TNTTSAANAAK(ac)PSGAR_,Rv3139,12,K
purT,_IVK(ac)ALGGR_,Rv0389,281,K
purT,_LSTAALDAAK(ac)SIAAR_,Rv0389,273,K
Rv0394c,_AAK(ac)SSPDQDEIQR_,Rv0394c,134,K
fadD2,_FKPALVLEDIEK(ac)HK_,Rv0270,305,K
fadD2,_KPGADLDEDTIK(ac)QYVR_,Rv0270,522,K
fadD2,_NPTGK(ac)VLK_,Rv0270,551,K
fadE6,_AGQLIAEGHATK(ac)LLNLR_,Rv0271c,638,K
fadE6,_PIGQFQAIK(ac)HK_,Rv0271c,254,K
fadE6,_SEGVQVK(ac)PLR_,Rv0271c,544,K
Rv1944c,_NQQCWCGSGHK(ac)YK_,Rv1944c,179,K
Rv1927,_SGK(ac)HITYHSVR_,Rv1927,151,K
Rv0426c,_AK(ac)LAPVPDKPAAAK_,Rv0426c,107,K
fadD4,_TDTGK(ac)LYK_,Rv0214,493,K
Rv0227c,_LVAPLK(ac)YPSLYAGDEDGK_,Rv0227c,219,K
fadE4,_GVEK(ac)DTFFETVAR_,Rv0231,355,K
Rv0131c,_TAWLIDK(ac)HHDYQK_,Rv0131c,337,K
Rv0138,_AAMK(ac)WCR_,Rv0138,142,K
Rv0147,_ITAALTK(ac)FR_,Rv0147,299,K
Rv0147,_PKPLSAYLFTK(ac)SR_,Rv0147,403,K
Rv0147,_QTDVAK(ac)TVAR_,Rv0147,35,K
pntB,_GVPVK(ac)YAIHPVAGR_,Rv0157,351,K
pntB,_SIPAIVAGGFGGGGVAPSGGGDDK(ac)HVK_,Rv0157,299,K
Rv3272,_TADGYIVISAYVPK(ac)HWQK_,Rv3272,269,K
accA3,_DLGDK(ac)VTAR_,Rv3285,126,K
accA3,_NFLPAPGPVTK(ac)FHPPSGPGVR_,Rv3285,366,K
lhr,_GVLFPK(ac)HR_,Rv3296,413,K
Rv1523,_LTTK(ac)YFLPLGTR_,Rv1523,105,K
hemD,_AK(ac)LNWWESR_,Rv0511,284,K
umaA,_FAQAADFSVEK(ac)VQLLQQHYAR_,Rv0469,223,K
umaA,_IVSIGAFEAFK(ac)MER_,Rv0469,142,K
umaA,_LAK(ac)IPTER_,Rv0469,108,K
moxR1,_AIFEVK(ac)R_,Rv1479,51,K
moxR1,_FLFK(ac)INVGYPSPEEER_,Rv1479,204,K
